customer_id,total_purchase_amount,number_of_orders,last_purchase_days_ago,avg_order_value,churn_probability,segment,recent_purchase,predicted_next_purchase
1,910,39,418,23.333333333333332,0.6326218931339481,Low Value,0,0.06
2,3822,14,347,273.0,0.9320281055100175,High Value,0,0.04
3,3142,31,529,101.35483870967742,0.10250972799067926,High Value,0,0.01
4,516,5,640,103.2,0.9372284872364511,Low Value,0,0.16
5,4476,35,179,127.88571428571429,0.6878857223008134,High Value,0,0.01
6,3494,23,182,151.91304347826087,0.0678370591051719,High Value,0,0.03
7,3221,29,664,111.06896551724138,0.30096356694681625,High Value,0,0.26
8,2969,11,25,269.90909090909093,0.7081720886452816,High Value,1,0.66
9,180,18,180,10.0,0.0673506014687717,Low Value,0,0.04
10,1735,12,710,144.58333333333334,0.5821704601762733,Low Value,0,0.05
11,819,9,501,91.0,0.34588305695295674,Low Value,0,0.01
12,2441,10,161,244.1,0.6209155177674771,Low Value,0,0.03
13,2483,17,177,146.05882352941177,0.04574203381251285,Low Value,0,0.12
14,1234,38,285,32.473684210526315,0.8715368061523763,Low Value,0,0.0
15,4605,7,63,657.8571428571429,0.9734889691773969,High Value,1,0.64
16,3435,13,662,264.2307692307692,0.9688778552856915,High Value,0,0.06
17,4167,9,666,463.0,0.7496518317429247,High Value,0,0.01
18,4893,27,156,181.22222222222223,0.13008624013063197,High Value,0,0.06
19,2954,2,469,1477.0,0.7582631959290226,Medium Value,0,0.01
20,524,5,49,104.8,0.02458691645880151,Low Value,1,0.69
21,1132,29,84,39.03448275862069,0.022123551528997254,Low Value,1,0.73
22,2608,37,361,70.48648648648648,0.32361021914954125,High Value,0,0.02
23,2097,38,689,55.18421052631579,0.48864319040466575,High Value,0,0.0
24,2797,19,148,147.21052631578948,0.7704074178077932,High Value,0,0.07
25,1025,8,630,128.125,0.6832953766065052,Low Value,0,0.01
26,1856,1,342,1856.0,0.44590270637674834,Medium Value,0,0.01
27,239,22,476,10.863636363636363,0.2736266662816659,Low Value,0,0.09
28,2784,17,63,163.76470588235293,0.9971245001577111,High Value,1,0.59
29,3055,7,701,436.42857142857144,0.42618130223597295,High Value,0,0.07
30,4708,25,360,188.32,0.4513870243296755,High Value,0,0.06
31,1949,4,561,487.25,0.16362382119166918,Low Value,0,0.02
32,1317,36,327,36.583333333333336,0.7948095487499294,Low Value,0,0.02
33,1578,6,141,263.0,0.6936822257814886,Low Value,0,0.02
34,3252,31,215,104.90322580645162,0.2207696127887604,High Value,0,0.0
35,3606,19,435,189.78947368421052,0.0823810456158427,High Value,0,0.0
36,3940,39,723,101.02564102564102,0.6804993020747131,High Value,0,0.01
37,696,27,318,25.77777777777778,0.6545112142811352,Low Value,0,0.07
38,2938,10,32,293.8,0.2732595269982093,High Value,1,0.76
39,2485,26,670,95.57692307692308,0.9508635622504104,High Value,0,0.02
40,650,19,285,34.21052631578947,0.15105789178090023,Low Value,0,0.0
41,2413,39,305,61.87179487179487,0.4323348010426019,High Value,0,0.11
42,2111,3,429,703.6666666666666,0.9436159201675989,Low Value,0,0.0
43,291,13,477,22.384615384615383,0.4197273169261223,Low Value,0,0.09
44,2091,28,286,74.67857142857143,0.6385259476640855,Low Value,0,0.36
45,2874,20,144,143.7,0.3975943979627943,High Value,0,0.0
46,2662,28,424,95.07142857142857,0.27421520234867003,High Value,0,0.1
47,1413,8,19,176.625,0.9839776479598282,Low Value,1,0.67
48,1528,39,18,39.17948717948718,0.409334006315043,Low Value,1,0.61
49,2606,1,590,2606.0,0.8940992036791344,Medium Value,0,0.02
50,825,3,371,275.0,0.22995460589108618,Low Value,0,0.07
51,4064,13,175,312.61538461538464,0.2131047040250833,High Value,0,0.01
52,84,28,194,3.0,0.03113408288451136,Low Value,0,0.06
53,3202,25,502,128.08,0.651666825375885,High Value,0,0.0
54,2005,33,113,60.75757575757576,0.36852634372376114,Low Value,0,0.0
55,1635,38,114,43.026315789473685,0.864358249839637,Low Value,0,0.01
56,3993,6,222,665.5,0.47320990669155716,High Value,0,0.13
57,3123,32,678,97.59375,0.9681934279147217,High Value,0,0.02
58,1071,21,644,51.0,0.18552551570312115,Low Value,0,0.0
59,3511,16,264,219.4375,0.8686231679556108,High Value,0,0.0
60,2663,21,55,126.80952380952381,0.7765968527917417,High Value,1,0.76
61,3893,11,643,353.90909090909093,0.770921844644052,High Value,0,0.02
62,1550,37,458,41.891891891891895,0.8447832281168877,Low Value,0,0.02
63,4848,36,162,134.66666666666666,0.7610239909429989,High Value,0,0.0
64,211,35,380,6.0285714285714285,0.6262203216314154,Low Value,0,0.06
65,4347,19,87,228.78947368421052,0.13124487768238757,High Value,1,0.71
66,2031,20,55,101.55,0.032526179491251916,Low Value,1,0.76
67,1045,18,476,58.05555555555556,0.9208478478156868,Low Value,0,0.0
68,4961,14,178,354.35714285714283,0.616650314520738,High Value,0,0.13
69,3392,15,391,226.13333333333333,0.7965372909761763,High Value,0,0.05
70,4601,31,349,148.41935483870967,0.4815223515125501,High Value,0,0.05
71,3848,1,8,3848.0,0.11730818896239448,Medium Value,1,0.66
72,1325,3,313,441.6666666666667,0.12518579220255044,Low Value,0,0.17
73,1066,16,443,66.625,0.6855652872289714,Low Value,0,0.0
74,387,23,328,16.82608695652174,0.4303058948994627,Low Value,0,0.03
75,928,11,54,84.36363636363636,0.20052472670033672,Low Value,1,0.58
76,1126,12,239,93.83333333333333,0.4915945467414369,Low Value,0,0.02
77,4937,10,229,493.7,0.06420893707513409,High Value,0,0.0
78,4043,32,579,126.34375,0.5819714019143988,High Value,0,0.0
79,4909,16,51,306.8125,0.26899340443509767,High Value,1,0.63
80,429,8,609,53.625,0.7975591006371882,Low Value,0,0.04
81,542,38,604,14.263157894736842,0.31036195892357377,Low Value,0,0.15
82,2112,12,264,176.0,0.4552201490818012,Low Value,0,0.03
83,3934,24,418,163.91666666666666,0.011620539908100636,High Value,0,0.04
84,114,28,96,4.071428571428571,0.07244688779455888,Low Value,0,0.08
85,2618,8,88,327.25,0.3924935564066848,Low Value,1,0.66
86,2077,28,78,74.17857142857143,0.4799388347171235,Low Value,1,0.67
87,2745,36,288,76.25,0.6000205481193037,High Value,0,0.0
88,1545,26,120,59.42307692307692,0.29166257870930323,Low Value,0,0.0
89,441,8,491,55.125,0.6949818861265425,Low Value,0,0.01
90,4564,28,452,163.0,0.8601223971892046,High Value,0,0.0
91,4524,28,500,161.57142857142858,0.7798509888933498,High Value,0,0.0
92,3611,37,165,97.5945945945946,0.039618825348357145,High Value,0,0.14
93,2328,36,182,64.66666666666667,0.48050694725782894,High Value,0,0.01
94,3149,27,469,116.62962962962963,0.10493017841817487,High Value,0,0.07
95,250,17,7,14.705882352941176,0.24204501586252747,Low Value,1,0.61
96,4925,9,330,547.2222222222222,0.9866625932671464,High Value,0,0.0
97,3154,33,673,95.57575757575758,0.14249554290151323,High Value,0,0.06
98,4648,20,151,232.4,0.49888815345135606,High Value,0,0.06
99,2504,13,85,192.6153846153846,0.6181557343181191,Low Value,1,0.68
100,3695,28,147,131.96428571428572,0.702464970544104,High Value,0,0.01
101,854,29,624,29.448275862068964,0.5596486834869141,Low Value,0,0.04
102,2781,13,381,213.92307692307693,0.00977084741918366,High Value,0,0.17
103,2823,35,548,80.65714285714286,0.3264613082439919,High Value,0,0.01
104,1620,6,285,270.0,0.5177116433847114,Low Value,0,0.17
105,2740,18,700,152.22222222222223,0.08786649914483335,High Value,0,0.06
106,3890,5,82,778.0,0.35062693120918076,High Value,1,0.79
107,1078,25,514,43.12,0.033203108791366565,Low Value,0,0.04
108,552,2,709,276.0,0.07857849715502074,Low Value,0,0.06
109,4543,10,523,454.3,0.39692327620159606,High Value,0,0.07
110,920,30,386,30.666666666666668,0.13271575404306035,Low Value,0,0.12
111,4538,5,707,907.6,0.5675408482615582,Medium Value,0,0.03
112,256,33,471,7.757575757575758,0.6894649691372657,Low Value,0,0.02
113,1534,1,119,1534.0,0.8005866991090829,Medium Value,0,0.02
114,913,18,396,50.72222222222222,0.2001502442448101,Low Value,0,0.01
115,2840,32,532,88.75,0.16748258225906976,High Value,0,0.01
116,613,11,261,55.72727272727273,0.10456784033440025,Low Value,0,0.07
117,4241,21,256,201.95238095238096,0.6364302495436367,High Value,0,0.07
118,1807,26,226,69.5,0.7064757264869012,Low Value,0,0.16
119,1728,25,53,69.12,0.03158614482564204,Low Value,1,0.65
120,3292,22,500,149.63636363636363,0.9362122462436898,High Value,0,0.0
121,4686,27,506,173.55555555555554,0.05197128365147241,High Value,0,0.0
122,1109,13,364,85.3076923076923,0.5412963353010705,Low Value,0,0.13
123,1772,33,280,53.696969696969695,0.7090605194509164,Low Value,0,0.0
124,3364,34,593,98.94117647058823,0.8709691237460856,High Value,0,0.02
125,3207,35,714,91.62857142857143,0.7140869321324278,High Value,0,0.07
126,2675,1,158,2675.0,0.8017280830697918,Medium Value,0,0.0
127,2779,21,632,132.33333333333334,0.33945019254280606,High Value,0,0.21
128,1647,6,59,274.5,0.8148251137465122,Low Value,1,0.6
129,3110,28,727,111.07142857142857,0.08011484638467514,High Value,0,0.19
130,2743,17,128,161.35294117647058,0.8948166560605276,High Value,0,0.1
131,4941,5,721,988.2,0.5475923761537362,Medium Value,0,0.01
132,3677,31,115,118.61290322580645,0.8172977699624937,High Value,0,0.03
133,1413,5,209,282.6,0.45231828451830014,Low Value,0,0.08
134,2031,38,526,53.44736842105263,0.643577695196525,High Value,0,0.0
135,1713,3,521,571.0,0.5264026609361132,Low Value,0,0.03
136,1579,23,552,68.65217391304348,0.7315895217553319,Low Value,0,0.15
137,2088,37,237,56.432432432432435,0.08162998203058958,High Value,0,0.0
138,3352,37,281,90.5945945945946,0.0603520839905638,High Value,0,0.08
139,2287,10,359,228.7,0.24710323401014644,Low Value,0,0.03
140,1356,10,201,135.6,0.15954468011318834,Low Value,0,0.23
141,4079,19,278,214.68421052631578,0.8717835665922017,High Value,0,0.02
142,2725,17,235,160.2941176470588,0.21921398735804432,High Value,0,0.14
143,1332,21,494,63.42857142857143,0.9758652558191313,Low Value,0,0.04
144,759,14,4,54.214285714285715,0.33689579177110685,Low Value,1,0.77
145,4794,9,666,532.6666666666666,0.18211791568869928,High Value,0,0.0
146,4463,1,442,4463.0,0.7896985071424791,Medium Value,0,0.12
147,3798,13,29,292.15384615384613,0.6587077755008761,High Value,1,0.65
148,4829,4,109,1207.25,0.498195716453139,Medium Value,0,0.0
149,713,1,610,713.0,0.5553635509376312,Low Value,0,0.04
150,2048,32,727,64.0,0.7192017782722638,Low Value,0,0.0
151,3495,34,75,102.79411764705883,0.22845474133129873,High Value,1,0.6
152,3793,28,146,135.46428571428572,0.9963339160567419,High Value,0,0.0
153,1545,31,128,49.83870967741935,0.9747931621467831,Low Value,0,0.0
154,3354,8,42,419.25,0.6503256863469369,High Value,1,0.68
155,3813,39,356,97.76923076923077,0.19954245092914513,High Value,0,0.01
156,1903,26,41,73.1923076923077,0.6802282424312913,Low Value,1,0.68
157,4709,34,34,138.5,0.07219840897917584,High Value,1,0.67
158,1341,3,17,447.0,0.030652502205806065,Low Value,1,0.67
159,3631,12,677,302.5833333333333,0.2576828885112137,High Value,0,0.03
160,3507,1,153,3507.0,0.4626229567393163,Medium Value,0,0.04
161,1686,5,378,337.2,0.8682725054083805,Low Value,0,0.06
162,3746,30,588,124.86666666666666,0.727169069766308,High Value,0,0.11
163,3049,30,599,101.63333333333334,0.742706521199981,High Value,0,0.17
164,3202,17,629,188.35294117647058,0.42549333444807536,High Value,0,0.01
165,748,23,342,32.52173913043478,0.3459349925469629,Low Value,0,0.14
166,2210,15,27,147.33333333333334,0.3710387629846027,Low Value,1,0.76
167,4147,37,287,112.08108108108108,0.9876495637360578,High Value,0,0.07
168,4787,21,646,227.95238095238096,0.04010919141248248,High Value,0,0.12
169,904,14,168,64.57142857142857,0.8670314961224486,Low Value,0,0.08
170,3524,2,610,1762.0,0.5786754085723934,Medium Value,0,0.06
171,1757,11,268,159.72727272727272,0.43861541918959046,Low Value,0,0.07
172,2827,39,455,72.48717948717949,0.7252576604151365,High Value,0,0.12
173,1783,38,685,46.921052631578945,0.48666894142470285,Low Value,0,0.0
174,4981,34,401,146.5,0.8734232380816606,High Value,0,0.04
175,3560,38,476,93.6842105263158,0.9007018640112585,High Value,0,0.1
176,252,34,702,7.411764705882353,0.4217209268734554,Low Value,0,0.03
177,3305,18,634,183.61111111111111,0.2768277972350516,High Value,0,0.0
178,4268,30,558,142.26666666666668,0.5923503285933622,High Value,0,0.01
179,4546,15,576,303.06666666666666,0.912363345616691,High Value,0,0.15
180,816,27,130,30.22222222222222,0.21066218900566658,Low Value,0,0.02
181,4439,34,363,130.55882352941177,0.6229665835634828,High Value,0,0.12
182,2377,38,705,62.55263157894737,0.6315602200925206,High Value,0,0.0
183,2981,33,693,90.33333333333333,0.733113022415281,High Value,0,0.12
184,247,24,292,10.291666666666666,0.1315676851272598,Low Value,0,0.11
185,1980,15,371,132.0,0.7158249646820886,Low Value,0,0.15
186,3632,30,29,121.06666666666666,0.909032520665641,High Value,1,0.58
187,658,17,149,38.705882352941174,0.17968310887024197,Low Value,0,0.01
188,3322,5,296,664.4,0.23754332492387764,High Value,0,0.03
189,1197,29,11,41.275862068965516,0.9713950940416396,Low Value,1,0.74
190,4332,4,512,1083.0,0.18097695270948977,Medium Value,0,0.02
191,3447,10,676,344.7,0.8543850933695791,High Value,0,0.05
192,2561,17,113,150.64705882352942,0.4922778564480348,High Value,0,0.24
193,1844,10,187,184.4,0.24723107440317704,Low Value,0,0.15
194,709,17,227,41.705882352941174,0.8707499012725114,Low Value,0,0.1
195,2861,20,310,143.05,0.4453052550026655,High Value,0,0.0
196,1419,24,98,59.125,0.5148173539296902,Low Value,0,0.0
197,2036,5,55,407.2,0.3592333693997657,Low Value,1,0.74
198,196,34,623,5.764705882352941,0.5929508514349274,Low Value,0,0.05
199,3269,6,664,544.8333333333334,0.16352387258502277,High Value,0,0.02
200,2961,2,406,1480.5,0.3910815366517607,Medium Value,0,0.01
201,1784,13,69,137.23076923076923,0.9694123223352875,Low Value,1,0.73
202,1893,11,312,172.0909090909091,0.25813343270112754,Low Value,0,0.08
203,538,23,289,23.391304347826086,0.6567366645412922,Low Value,0,0.0
204,3026,16,548,189.125,0.3251900642246949,High Value,0,0.0
205,2009,31,148,64.80645161290323,0.7734731256866006,Low Value,0,0.0
206,2435,11,467,221.36363636363637,0.13087366071834983,Low Value,0,0.03
207,2969,16,244,185.5625,0.9698210450785447,High Value,0,0.04
208,4786,8,491,598.25,0.45378954138363925,High Value,0,0.08
209,1852,4,507,463.0,0.23605046334646396,Low Value,0,0.11
210,4111,4,365,1027.75,0.07349674733001266,Medium Value,0,0.0
211,3419,25,482,136.76,0.16975790508754074,High Value,0,0.0
212,312,3,201,104.0,0.5197739485560177,Low Value,0,0.05
213,673,32,154,21.03125,0.3370031764312863,Low Value,0,0.0
214,1066,3,450,355.3333333333333,0.8288833658826095,Low Value,0,0.1
215,3693,27,501,136.77777777777777,0.43088752366180594,High Value,0,0.0
216,2099,29,73,72.37931034482759,0.2487142725876299,Low Value,1,0.78
217,3773,32,713,117.90625,0.61714498660403,High Value,0,0.02
218,4598,19,296,242.0,0.7067772168854458,High Value,0,0.12
219,3158,21,17,150.38095238095238,0.16704190790094986,High Value,1,0.66
220,4140,5,641,828.0,0.16761921628831766,High Value,0,0.19
221,2106,18,217,117.0,0.03667142693354297,Low Value,0,0.19
222,3220,28,61,115.0,0.7364020150656405,High Value,1,0.65
223,1732,22,616,78.72727272727273,0.6638045276218051,Low Value,0,0.05
224,2305,21,42,109.76190476190476,0.4746308757498139,Low Value,1,0.78
225,1204,6,25,200.66666666666666,0.8441704489691971,Low Value,1,0.69
226,4549,1,39,4549.0,0.8056701529500532,Medium Value,1,0.63
227,3241,5,131,648.2,0.5853543643967521,High Value,0,0.04
228,1746,12,498,145.5,0.8682712805132586,Low Value,0,0.05
229,4041,26,229,155.42307692307693,0.20584121003676825,High Value,0,0.0
230,4773,34,108,140.38235294117646,0.11191961939772788,High Value,0,0.19
231,4732,14,172,338.0,0.2697496115169896,High Value,0,0.1
232,1698,26,435,65.3076923076923,0.05708685608931485,Low Value,0,0.07
233,1495,27,478,55.370370370370374,0.531169528001032,Low Value,0,0.0
234,4249,9,102,472.1111111111111,0.9366056922949615,High Value,0,0.01
235,3973,26,524,152.80769230769232,0.03934354066850965,High Value,0,0.0
236,303,22,275,13.772727272727273,0.1221099140100268,Low Value,0,0.06
237,3233,30,613,107.76666666666667,0.4521990282834353,High Value,0,0.14
238,2607,17,44,153.35294117647058,0.9338750175279049,High Value,1,0.65
239,148,26,17,5.6923076923076925,0.3161561049767505,Low Value,1,0.68
240,2250,36,330,62.5,0.5072348086883924,High Value,0,0.0
241,3011,1,569,3011.0,0.0415728590503921,Medium Value,0,0.0
242,4483,8,497,560.375,0.14834320096208886,High Value,0,0.05
243,3827,35,12,109.34285714285714,0.9866301229588469,High Value,1,0.7
244,2919,15,318,194.6,0.9651186964360455,High Value,0,0.06
245,3284,22,592,149.27272727272728,0.004939980934409616,High Value,0,0.0
246,3841,14,216,274.35714285714283,0.951811785423239,High Value,0,0.07
247,1006,26,339,38.69230769230769,0.6391199378155004,Low Value,0,0.04
248,4117,28,661,147.03571428571428,0.8679182945200221,High Value,0,0.0
249,210,23,81,9.130434782608695,0.4547398556338591,Low Value,1,0.66
250,4543,14,727,324.5,0.5155960285792502,High Value,0,0.01
251,1350,24,485,56.25,0.4888465802569202,Low Value,0,0.0
252,4961,2,374,2480.5,0.6668642575461043,Medium Value,0,0.01
253,4037,26,710,155.26923076923077,0.1396512547563129,High Value,0,0.0
254,1577,14,200,112.64285714285714,0.029973589872677953,Low Value,0,0.18
255,1268,7,537,181.14285714285714,0.3079299415911909,Low Value,0,0.1
256,4546,3,466,1515.3333333333333,0.7046807627366467,Medium Value,0,0.0
257,4785,23,89,208.04347826086956,0.20185345212294836,High Value,1,0.64
258,3154,18,268,175.22222222222223,0.6734324333249173,High Value,0,0.07
259,2785,38,655,73.28947368421052,0.9699120461072704,High Value,0,0.02
260,4605,35,571,131.57142857142858,0.09390071578941839,High Value,0,0.01
261,1004,15,489,66.93333333333334,0.6726021182251263,Low Value,0,0.02
262,4615,25,538,184.6,0.44375021930457115,High Value,0,0.02
263,3496,37,47,94.48648648648648,0.8681422543775054,High Value,1,0.79
264,1095,28,288,39.107142857142854,0.1771497894473859,Low Value,0,0.05
265,1743,10,16,174.3,0.6926259522261645,Low Value,1,0.71
266,3486,39,711,89.38461538461539,0.8381152896481102,High Value,0,0.05
267,612,17,401,36.0,0.9446142194740232,Low Value,0,0.01
268,2535,39,86,65.0,0.6832480282896458,High Value,1,0.64
269,3404,22,250,154.72727272727272,0.4971747640084273,High Value,0,0.0
270,275,26,391,10.576923076923077,0.6178472402012138,Low Value,0,0.07
271,4943,25,335,197.72,0.8689049844787182,High Value,0,0.08
272,1009,17,629,59.35294117647059,0.5706097466388297,Low Value,0,0.01
273,4598,13,519,353.6923076923077,0.03038705969683686,High Value,0,0.04
274,3117,20,137,155.85,0.9309486955069778,High Value,0,0.06
275,865,25,688,34.6,0.6895267510315611,Low Value,0,0.01
276,4804,4,498,1201.0,0.6765133857772465,Medium Value,0,0.0
277,4692,10,727,469.2,0.21567515239771717,High Value,0,0.01
278,3170,3,477,1056.6666666666667,0.6588854702326572,Medium Value,0,0.05
279,66,18,594,3.6666666666666665,0.3938644056541585,Low Value,0,0.13
280,1293,36,223,35.916666666666664,0.6512329770414921,Low Value,0,0.08
281,2255,22,372,102.5,0.10659303030799072,Low Value,0,0.11
282,2574,34,402,75.70588235294117,0.657845304603036,High Value,0,0.0
283,1119,8,443,139.875,0.9994137257706666,Low Value,0,0.03
284,3494,19,490,183.89473684210526,0.04821203886055603,High Value,0,0.02
285,2615,37,615,70.67567567567568,0.9771741842213173,High Value,0,0.02
286,1110,6,273,185.0,0.4069079607228706,Low Value,0,0.09
287,2377,26,526,91.42307692307692,0.8707534503372591,High Value,0,0.03
288,3470,34,159,102.05882352941177,0.7823854840582735,High Value,0,0.11
289,351,6,152,58.5,0.5670162609866678,Low Value,0,0.0
290,4326,37,620,116.91891891891892,0.7384492092513265,High Value,0,0.03
291,656,33,188,19.87878787878788,0.8785155613013479,Low Value,0,0.02
292,3220,22,98,146.36363636363637,0.404140321651033,High Value,0,0.03
293,749,21,131,35.666666666666664,0.3270331615632387,Low Value,0,0.06
294,1189,6,171,198.16666666666666,0.6675933855635847,Low Value,0,0.29
295,240,6,183,40.0,0.8078459419412586,Low Value,0,0.02
296,2350,4,364,587.5,0.7622851347766157,Low Value,0,0.01
297,1030,30,39,34.333333333333336,0.7978136488586345,Low Value,1,0.67
298,3025,11,527,275.0,0.435583314812933,High Value,0,0.04
299,1234,30,497,41.13333333333333,0.8178342161750216,Low Value,0,0.16
300,3377,31,516,108.93548387096774,0.12020905537060844,High Value,0,0.03
301,3444,24,349,143.5,0.5444890979608495,High Value,0,0.0
302,177,9,397,19.666666666666668,0.0057586604981215705,Low Value,0,0.02
303,2115,3,722,705.0,0.3245858299002703,Low Value,0,0.0
304,1866,31,161,60.193548387096776,0.3664615348713979,Low Value,0,0.0
305,619,37,16,16.72972972972973,0.3961726916092554,Low Value,1,0.75
306,1945,36,493,54.02777777777778,0.6954672066898622,Low Value,0,0.01
307,2783,24,426,115.95833333333333,0.38855810127034573,High Value,0,0.03
308,3913,31,108,126.2258064516129,0.44869362262253065,High Value,0,0.0
309,4771,6,450,795.1666666666666,0.23754413087432746,High Value,0,0.08
310,4064,2,311,2032.0,0.3732517916293401,Medium Value,0,0.05
311,2951,20,170,147.55,0.22726962726315147,High Value,0,0.02
312,1736,28,546,62.0,0.07319592376844364,Low Value,0,0.08
313,3059,11,414,278.09090909090907,0.6034485933813779,High Value,0,0.03
314,204,4,251,51.0,0.6682127985550163,Low Value,0,0.01
315,2587,15,141,172.46666666666667,0.6194903460096145,High Value,0,0.26
316,1459,6,274,243.16666666666666,0.46349404380057235,Low Value,0,0.01
317,4107,30,416,136.9,0.3797857801792298,High Value,0,0.01
318,834,38,608,21.94736842105263,0.8633336495718252,Low Value,0,0.0
319,3225,2,39,1612.5,0.519081785136218,Medium Value,1,0.63
320,4391,15,29,292.73333333333335,0.47918187762973097,High Value,1,0.77
321,2856,11,477,259.6363636363636,0.025642065806435688,High Value,0,0.09
322,587,8,318,73.375,0.34124782762615635,Low Value,0,0.02
323,1891,26,245,72.73076923076923,0.38019561878585706,Low Value,0,0.31
324,2505,5,697,501.0,0.3988227808969005,Low Value,0,0.01
325,574,6,272,95.66666666666667,0.5801723692273323,Low Value,0,0.0
326,3000,26,440,115.38461538461539,0.5336025467268785,High Value,0,0.03
327,4181,4,239,1045.25,0.6079050927934446,Medium Value,0,0.0
328,4830,19,377,254.21052631578948,0.7648832615421283,High Value,0,0.08
329,4165,20,266,208.25,0.8129857387160935,High Value,0,0.05
330,2418,33,359,73.27272727272727,0.7181230762264944,High Value,0,0.04
331,3897,20,340,194.85,0.9555236959549347,High Value,0,0.0
332,4545,12,389,378.75,0.01823258267636163,High Value,0,0.01
333,2751,1,577,2751.0,0.1957779856835461,Medium Value,0,0.0
334,1021,26,689,39.26923076923077,0.00756287497814212,Low Value,0,0.03
335,1216,14,3,86.85714285714286,0.647474714154603,Low Value,1,0.61
336,4979,38,429,131.02631578947367,0.8980305489499869,High Value,0,0.0
337,2824,37,142,76.32432432432432,0.24348229657629927,High Value,0,0.0
338,2032,11,376,184.72727272727272,0.9270345447963066,Low Value,0,0.03
339,903,36,670,25.083333333333332,0.06026739028956085,Low Value,0,0.01
340,4196,13,324,322.7692307692308,0.9344360268055143,High Value,0,0.06
341,3786,3,146,1262.0,0.3516226872396344,Medium Value,0,0.11
342,3819,33,293,115.72727272727273,0.10142082844921652,High Value,0,0.06
343,624,6,665,104.0,0.48587175918632564,Low Value,0,0.02
344,3311,10,432,331.1,0.25677656772050794,High Value,0,0.02
345,1198,5,705,239.6,0.28487290196192283,Low Value,0,0.14
346,1765,23,585,76.73913043478261,0.3072899649262866,Low Value,0,0.0
347,4827,10,399,482.7,0.8030258978326634,High Value,0,0.0
348,4983,2,344,2491.5,0.5391612766752545,Medium Value,0,0.01
349,3904,13,140,300.3076923076923,0.31130769915600365,High Value,0,0.09
350,2541,2,187,1270.5,0.6103337833109184,Medium Value,0,0.0
351,2710,20,61,135.5,0.7161506742231936,High Value,1,0.7
352,3174,1,380,3174.0,0.27262400073353377,Medium Value,0,0.03
353,3101,37,710,83.8108108108108,0.4135491015253515,High Value,0,0.01
354,54,9,440,6.0,0.12188609333694755,Low Value,0,0.11
355,4919,17,319,289.3529411764706,0.18114934953468032,High Value,0,0.26
356,926,9,302,102.88888888888889,0.6811178539649828,Low Value,0,0.07
357,1041,11,344,94.63636363636364,0.18143834769562694,Low Value,0,0.03
358,4192,15,11,279.46666666666664,0.5251633836670602,High Value,1,0.72
359,4414,24,62,183.91666666666666,0.7090462617224327,High Value,1,0.66
360,4515,38,226,118.8157894736842,0.10687692309474384,High Value,0,0.0
361,685,35,153,19.571428571428573,0.5673122196289035,Low Value,0,0.11
362,1743,30,711,58.1,0.25656278370136376,Low Value,0,0.04
363,1732,31,564,55.87096774193548,0.9629268752375798,Low Value,0,0.01
364,4802,5,571,960.4,0.4835456467199247,Medium Value,0,0.01
365,169,14,584,12.071428571428571,0.8059925497751581,Low Value,0,0.08
366,880,11,660,80.0,0.5502265421562618,Low Value,0,0.12
367,3725,9,575,413.8888888888889,0.043412532854819164,High Value,0,0.22
368,1419,34,310,41.73529411764706,0.6331513755940223,Low Value,0,0.07
369,790,12,243,65.83333333333333,0.951403342206657,Low Value,0,0.03
370,166,35,493,4.742857142857143,0.6016118201463312,Low Value,0,0.04
371,2888,35,366,82.51428571428572,0.8191888594267902,High Value,0,0.03
372,1200,1,330,1200.0,0.8842064633484078,Medium Value,0,0.01
373,1981,22,107,90.04545454545455,0.22807977194893247,Low Value,0,0.1
374,1062,29,226,36.62068965517241,0.21204483990822665,Low Value,0,0.23
375,1714,8,218,214.25,0.6109809888509917,Low Value,0,0.03
376,1131,11,506,102.81818181818181,0.4110284698067047,Low Value,0,0.04
377,4779,37,259,129.16216216216216,0.8398613028667203,High Value,0,0.02
378,562,14,517,40.142857142857146,0.9000231233980112,Low Value,0,0.1
379,2899,30,54,96.63333333333334,0.3534213793027181,High Value,1,0.62
380,609,35,47,17.4,0.23687055897448206,Low Value,1,0.69
381,3722,21,727,177.23809523809524,0.7805255152438618,High Value,0,0.05
382,4633,37,689,125.21621621621621,0.2748060355481361,High Value,0,0.02
383,3393,5,521,678.6,0.8226143185136784,High Value,0,0.07
384,4120,19,99,216.8421052631579,0.42373825364876283,High Value,0,0.02
385,4849,14,20,346.35714285714283,0.6675498992914705,High Value,1,0.54
386,1520,26,573,58.46153846153846,0.09553531383466818,Low Value,0,0.0
387,630,4,490,157.5,0.623859324676573,Low Value,0,0.05
388,2344,25,419,93.76,0.4517676787372291,High Value,0,0.02
389,3197,25,690,127.88,0.5866084631754741,High Value,0,0.0
390,4299,18,62,238.83333333333334,0.16801420774486342,High Value,1,0.71
391,1729,8,145,216.125,0.7368737449441821,Low Value,0,0.03
392,3556,39,216,91.17948717948718,0.8627970775432285,High Value,0,0.02
393,2794,14,3,199.57142857142858,0.21673980009077565,High Value,1,0.64
394,3406,32,160,106.4375,0.09571455552016173,High Value,0,0.02
395,4095,38,120,107.76315789473684,0.023638586046336396,High Value,0,0.02
396,1293,33,89,39.18181818181818,0.641971500443266,Low Value,1,0.64
397,3168,23,329,137.7391304347826,0.6070940360887808,High Value,0,0.1
398,2191,15,580,146.06666666666666,0.54669741271407,Low Value,0,0.24
399,3109,33,357,94.21212121212122,0.23194709611597542,High Value,0,0.09
400,4598,25,610,183.92,0.39090599590551467,High Value,0,0.05
401,3009,17,267,177.0,0.594476335186173,High Value,0,0.02
402,2315,33,617,70.15151515151516,0.4967668588591694,High Value,0,0.04
403,2529,2,323,1264.5,0.9877855202148873,Medium Value,0,0.0
404,4696,14,635,335.42857142857144,0.13643975255673313,High Value,0,0.01
405,1685,39,541,43.205128205128204,0.6951445540475938,Low Value,0,0.18
406,1807,6,649,301.1666666666667,0.4043187681042921,Low Value,0,0.18
407,4502,6,195,750.3333333333334,0.42819961492561476,High Value,0,0.07
408,2120,3,332,706.6666666666666,0.7175977656581762,Low Value,0,0.0
409,2899,7,170,414.14285714285717,0.6924361513243696,High Value,0,0.05
410,3301,8,521,412.625,0.9912559937021883,High Value,0,0.15
411,3780,15,463,252.0,0.12839428945412523,High Value,0,0.07
412,2539,29,40,87.55172413793103,0.10410964938416634,High Value,1,0.72
413,1681,33,537,50.93939393939394,0.7243388171287412,Low Value,0,0.0
414,2866,30,261,95.53333333333333,0.5783869170064091,High Value,0,0.2
415,1065,39,395,27.307692307692307,0.27416066655980587,Low Value,0,0.07
416,1398,27,226,51.77777777777778,0.0794193689889866,Low Value,0,0.0
417,4661,36,124,129.47222222222223,0.08565824959643054,High Value,0,0.01
418,3137,29,38,108.17241379310344,0.8941908746641183,High Value,1,0.7
419,2889,38,328,76.02631578947368,0.1918673247187429,High Value,0,0.01
420,385,33,251,11.666666666666666,0.32337156211552076,Low Value,0,0.01
421,4642,37,176,125.45945945945945,0.22665640222698802,High Value,0,0.02
422,945,27,602,35.0,0.3549963058319373,Low Value,0,0.02
423,3596,33,454,108.96969696969697,0.06942384274609337,High Value,0,0.07
424,901,4,37,225.25,0.5190597909082704,Low Value,1,0.61
425,1737,22,316,78.95454545454545,0.0676125635922149,Low Value,0,0.02
426,1981,2,688,990.5,0.8003565078223616,Medium Value,0,0.0
427,3796,10,593,379.6,0.23371208191043302,High Value,0,0.1
428,2477,5,114,495.4,0.5400119146045106,Low Value,0,0.01
429,1618,10,40,161.8,0.8800790875614583,Low Value,1,0.75
430,4050,33,301,122.72727272727273,0.6508773690471942,High Value,0,0.02
431,2788,38,224,73.36842105263158,0.5329577865513353,High Value,0,0.01
432,3548,13,318,272.9230769230769,0.3243337531153756,High Value,0,0.06
433,3963,31,349,127.83870967741936,0.33300191305819793,High Value,0,0.0
434,1116,36,115,31.0,0.6694869551981901,Low Value,0,0.01
435,4430,24,698,184.58333333333334,0.9941393612211675,High Value,0,0.26
436,2494,15,323,166.26666666666668,0.6618391898493786,Low Value,0,0.26
437,4157,29,568,143.3448275862069,0.5577834173700249,High Value,0,0.0
438,3423,8,40,427.875,0.7306505102392461,High Value,1,0.84
439,4019,5,40,803.8,0.46520561228371815,High Value,1,0.74
440,2596,29,289,89.51724137931035,0.060142342600785215,High Value,0,0.24
441,803,4,262,200.75,0.5622968158779098,Low Value,0,0.17
442,2132,12,216,177.66666666666666,0.9576252845053802,Low Value,0,0.01
443,2824,2,147,1412.0,0.17530294235765964,Medium Value,0,0.0
444,2946,27,336,109.11111111111111,0.6900048908206657,High Value,0,0.05
445,4235,31,168,136.61290322580646,0.20093368865905648,High Value,0,0.01
446,825,36,92,22.916666666666668,0.5358276844730813,Low Value,0,0.01
447,1675,36,353,46.52777777777778,0.09667644964671962,Low Value,0,0.0
448,3119,26,571,119.96153846153847,0.45037093625818514,High Value,0,0.02
449,467,27,571,17.296296296296298,0.7561633288952461,Low Value,0,0.03
450,164,5,681,32.8,0.3475715242389821,Low Value,0,0.01
451,666,20,363,33.3,0.664911724487218,Low Value,0,0.01
452,4024,11,557,365.8181818181818,0.7954499607897292,High Value,0,0.03
453,3317,10,345,331.7,0.9271778194794527,High Value,0,0.02
454,875,38,693,23.026315789473685,0.23464208185545354,Low Value,0,0.0
455,1566,6,170,261.0,0.39931591580930814,Low Value,0,0.02
456,3196,8,356,399.5,0.15241601333041743,High Value,0,0.12
457,462,23,191,20.08695652173913,0.9924835021583752,Low Value,0,0.01
458,778,26,667,29.923076923076923,0.9270009679242953,Low Value,0,0.09
459,3398,12,422,283.1666666666667,0.5399571302805596,High Value,0,0.03
460,2858,26,700,109.92307692307692,0.8420332943764213,High Value,0,0.02
461,725,13,7,55.76923076923077,0.5209579772720422,Low Value,1,0.71
462,3515,18,133,195.27777777777777,0.6235856880027597,High Value,0,0.0
463,2554,25,557,102.16,0.08912443211601662,High Value,0,0.07
464,3017,33,31,91.42424242424242,0.7552704204968079,High Value,1,0.59
465,2836,12,535,236.33333333333334,0.12771348363523483,High Value,0,0.03
466,1172,36,426,32.55555555555556,0.8260676302525284,Low Value,0,0.0
467,4129,4,394,1032.25,0.7820280876703859,Medium Value,0,0.0
468,1621,5,672,324.2,0.7087446977429764,Low Value,0,0.09
469,2193,37,363,59.270270270270274,0.036160380524762115,High Value,0,0.0
470,1737,8,437,217.125,0.3031283559453286,Low Value,0,0.03
471,4182,28,670,149.35714285714286,0.26311256991084286,High Value,0,0.01
472,3901,31,551,125.83870967741936,0.3601364074715191,High Value,0,0.0
473,3490,9,82,387.77777777777777,0.08764274676383854,High Value,1,0.67
474,3816,29,356,131.58620689655172,0.9369578230310628,High Value,0,0.04
475,2376,14,258,169.71428571428572,0.5538022407123763,Low Value,0,0.26
476,2964,22,718,134.72727272727272,0.30552431065802355,High Value,0,0.03
477,4002,11,589,363.8181818181818,0.3969815170742834,High Value,0,0.0
478,645,23,524,28.043478260869566,0.44720254050483565,Low Value,0,0.02
479,778,1,295,778.0,0.6005943333606173,Low Value,0,0.01
480,1415,37,224,38.24324324324324,0.5156794276964978,Low Value,0,0.05
481,4542,21,525,216.28571428571428,0.9193919732144173,High Value,0,0.04
482,748,26,46,28.76923076923077,0.49696348290583026,Low Value,1,0.67
483,445,36,667,12.36111111111111,0.9921580148233127,Low Value,0,0.07
484,4221,23,113,183.52173913043478,0.8514249577450957,High Value,0,0.11
485,4410,1,233,4410.0,0.2085105143573358,Medium Value,0,0.15
486,2552,15,17,170.13333333333333,0.9305952146439163,Low Value,1,0.65
487,1869,21,360,89.0,0.11636639788547609,Low Value,0,0.2
488,767,9,223,85.22222222222223,0.8174497084911916,Low Value,0,0.13
489,2832,9,700,314.6666666666667,0.3806232934765801,High Value,0,0.16
490,4996,10,448,499.6,0.8779743204450695,High Value,0,0.0
491,3627,26,365,139.5,0.8680566901074503,High Value,0,0.02
492,193,35,675,5.514285714285714,0.8059254001176211,Low Value,0,0.05
493,3190,25,326,127.6,0.7900304363070614,High Value,0,0.0
494,4541,26,467,174.65384615384616,0.3046791390980408,High Value,0,0.0
495,2988,11,414,271.6363636363636,0.08091928305125218,High Value,0,0.22
496,3686,38,455,97.0,0.40298017876516146,High Value,0,0.04
497,3272,2,586,1636.0,0.17352451498650867,Medium Value,0,0.15
498,1217,7,233,173.85714285714286,0.6949510889024617,Low Value,0,0.15
499,2666,18,224,148.11111111111111,0.34609972653778553,High Value,0,0.18
500,1112,27,412,41.18518518518518,0.9756102008599149,Low Value,0,0.02
